id,first_name,last_name,email,country,ip_address
1,Katherine,Harvey,kharvey0@bandcamp.com,China,211.14.87.128
2,Helen,Grant,hgrant1@ning.com,Iran,74.158.8.178
3,Harry,Payne,hpayne2@army.mil,China,116.236.245.43
4,Lisa,Hughes,lhughes3@usgs.gov,Indonesia,186.116.123.185
5,Bruce,Ray,bray4@miitbeian.gov.cn,China,156.135.244.149
6,Jean,Harris,jharris5@prlog.org,Japan,157.75.1.50
7,Joan,Webb,jwebb6@twitter.com,United States,56.218.45.72
8,Earl,Frazier,efrazier7@apple.com,Poland,230.23.34.34
9,Edward,Simpson,esimpson8@youtube.com,Poland,69.154.48.69
10,Keith,Grant,kgrant9@globo.com,Denmark,177.245.179.228
11,Jeremy,Kim,jkima@uiuc.edu,Indonesia,80.100.103.114
12,Frank,Moore,fmooreb@pcworld.com,Poland,88.246.11.116
13,Ronald,Carter,rcarterc@prnewswire.com,Portugal,118.35.230.170
14,Joe,Perez,jperezd@google.fr,Ukraine,239.190.53.48
15,Ruth,Moore,rmooree@shareasale.com,Vietnam,56.79.174.105
16,Philip,Stevens,pstevensf@yahoo.co.jp,Indonesia,97.228.19.206
17,Barbara,Lawson,blawsong@arstechnica.com,Hungary,10.133.9.243
18,Matthew,Hamilton,mhamiltonh@marriott.com,Philippines,104.6.32.45
19,Eric,Jordan,ejordani@patch.com,Russia,254.175.15.196
20,Steven,Banks,sbanksj@virginia.edu,Bosnia and Herzegovina,173.66.125.84
21,Roger,Harper,rharperk@house.gov,Brazil,226.195.173.69
22,Lisa,Wilson,lwilsonl@mysql.com,Indonesia,92.56.155.66
23,Evelyn,Weaver,eweaverm@google.it,Norway,235.146.46.217
24,Ruth,Lynch,rlynchn@google.com.hk,Brazil,223.102.176.103
25,Brian,Gibson,bgibsono@about.com,Indonesia,45.138.234.11
26,Dennis,Richardson,drichardsonp@noaa.gov,Philippines,202.173.2.64
27,Craig,Stephens,cstephensq@biglobe.ne.jp,China,239.53.143.248
28,Rose,Murphy,rmurphyr@bravesites.com,Greece,206.126.158.232
29,Richard,Harrison,rharrisons@zdnet.com,Czech Republic,195.99.166.237
30,Julia,Vasquez,jvasquezt@ed.gov,Armenia,174.45.10.194
31,Judy,Fernandez,jfernandezu@tinyurl.com,Indonesia,67.194.198.140
32,Juan,Alvarez,jalvarezv@nature.com,Argentina,132.205.55.18
33,Lisa,Hart,lhartw@w3.org,Guam,6.104.147.238
34,David,Wallace,dwallacex@msu.edu,Uruguay,63.177.223.233
35,Matthew,Peterson,mpetersony@nsw.gov.au,Libya,180.198.84.141
36,Sandra,Gomez,sgomezz@google.co.jp,Poland,151.54.146.248
37,Jose,Perry,jperry10@mail.ru,Philippines,224.135.14.66
38,Ryan,Williamson,rwilliamson11@miibeian.gov.cn,Czech Republic,126.32.156.117
39,Mildred,Martin,mmartin12@hibu.com,Indonesia,216.160.162.32
40,Angela,Wilson,awilson13@bloomberg.com,Peru,173.181.253.2
41,Carlos,Griffin,cgriffin14@cbc.ca,China,183.99.44.42
42,Johnny,Flores,jflores15@cafepress.com,Albania,140.131.63.2
43,Thomas,West,twest16@ning.com,Somalia,80.214.109.189
44,Sharon,Ramos,sramos17@samsung.com,China,41.135.136.44
45,Bobby,Williams,bwilliams18@acquirethisname.com,Macedonia,19.10.190.48
46,Arthur,Allen,aallen19@netlog.com,Vietnam,214.203.179.49
47,Tammy,Cole,tcole1a@flickr.com,Armenia,178.21.226.246
48,Eric,Gomez,egomez1b@cmu.edu,Philippines,71.95.60.115
49,Amanda,Torres,atorres1c@soup.io,Malaysia,170.167.231.138
50,Juan,Weaver,jweaver1d@squidoo.com,Mexico,60.169.197.6
51,Shirley,Mason,smason1e@cnbc.com,Japan,208.141.10.115
52,Mildred,Stone,mstone1f@a8.net,China,192.29.245.100
53,Marie,Lee,mlee1g@mapquest.com,Japan,158.101.170.226
54,Joyce,Willis,jwillis1h@scribd.com,China,250.233.192.147
55,Jimmy,Bell,jbell1i@salon.com,Bosnia and Herzegovina,195.51.125.128
56,James,Nelson,jnelson1j@fda.gov,China,55.251.48.65
57,Peter,Mcdonald,pmcdonald1k@nsw.gov.au,China,23.247.5.178
58,Robert,Nichols,rnichols1l@deviantart.com,Afghanistan,209.212.162.119
59,Mary,Burns,mburns1m@scientificamerican.com,United States,172.187.25.253
60,Edward,Berry,eberry1n@bigcartel.com,Burkina Faso,64.69.144.161
61,Harry,King,hking1o@paginegialle.it,Japan,35.123.57.138
62,Julie,Stanley,jstanley1p@1688.com,United Kingdom,171.85.216.123
63,Jesse,Palmer,jpalmer1q@facebook.com,Pakistan,224.108.67.120
64,Frances,Sims,fsims1r@vkontakte.ru,Japan,15.177.5.93
65,Eric,Powell,epowell1s@auda.org.au,Philippines,26.212.227.77
66,Douglas,Simmons,dsimmons1t@ezinearticles.com,Colombia,207.72.92.141
67,Brian,Myers,bmyers1u@tiny.cc,Ukraine,211.153.58.205
68,Raymond,Andrews,randrews1v@nsw.gov.au,Canada,178.153.13.121
69,Peter,Ross,pross1w@howstuffworks.com,China,35.180.9.27
70,Maria,Woods,mwoods1x@bravesites.com,Afghanistan,247.104.132.47
71,Steven,Gray,sgray1y@webeden.co.uk,China,25.223.226.41
72,Shawn,Chapman,schapman1z@vk.com,Vietnam,128.65.230.134
73,Rachel,Watkins,rwatkins20@yandex.ru,Ethiopia,75.15.73.59
74,Jerry,Olson,jolson21@tamu.edu,South Africa,65.146.128.124
75,Tammy,Murray,tmurray22@ed.gov,China,55.216.233.203
76,Ruby,Matthews,rmatthews23@dyndns.org,Indonesia,13.200.117.76
77,Lisa,Rice,lrice24@cocolog-nifty.com,Sweden,227.41.237.124
78,Irene,Bailey,ibailey25@networkadvertising.org,Egypt,68.173.3.211
79,Katherine,Hanson,khanson26@networkadvertising.org,China,180.228.165.87
80,Anna,Patterson,apatterson27@washington.edu,Indonesia,82.49.229.49
81,Gregory,Flores,gflores28@vistaprint.com,Indonesia,116.130.5.242
82,Angela,Green,agreen29@gizmodo.com,Indonesia,62.84.179.47
83,Amanda,Kelley,akelley2a@ehow.com,Philippines,66.213.243.250
84,Johnny,Fox,jfox2b@blogger.com,Peru,85.28.183.26
85,Johnny,Berry,jberry2c@amazonaws.com,Colombia,52.197.189.172
86,Donna,Hall,dhall2d@nationalgeographic.com,Vietnam,70.63.45.129
87,Scott,Austin,saustin2e@icq.com,Russia,119.83.54.252
88,Steve,Willis,swillis2f@senate.gov,Micronesia,227.101.78.125
89,Mildred,Mendoza,mmendoza2g@ask.com,Tunisia,173.236.91.164
90,Kenneth,Carter,kcarter2h@ca.gov,China,172.33.65.171
91,Phyllis,Lawrence,plawrence2i@bloglines.com,Russia,99.189.120.131
92,Joan,Armstrong,jarmstrong2j@gizmodo.com,Philippines,47.124.193.224
93,Rebecca,Knight,rknight2k@washington.edu,Benin,234.203.181.109
94,Mildred,Peters,mpeters2l@ted.com,Uganda,45.215.253.182
95,Bonnie,Morales,bmorales2m@dedecms.com,China,114.103.180.130
96,Larry,Hansen,lhansen2n@usatoday.com,Cyprus,86.183.88.233
97,Robin,Morales,rmorales2o@state.tx.us,Indonesia,21.160.249.119
98,William,Jenkins,wjenkins2p@ucla.edu,Sweden,165.152.86.179
99,William,Long,wlong2q@statcounter.com,Sweden,230.254.88.239
100,Christopher,King,cking2r@etsy.com,Indonesia,2.254.101.118
101,Helen,Kennedy,hkennedy2s@google.de,Russia,125.70.104.127
102,Charles,Watson,cwatson2t@smugmug.com,Mexico,139.38.64.79
103,Harry,Graham,hgraham2u@flickr.com,Philippines,58.59.239.180
104,Samuel,Carr,scarr2v@redcross.org,Tajikistan,181.224.236.23
105,Peter,Stephens,pstephens2w@netvibes.com,Poland,226.89.165.249
106,Christine,Gilbert,cgilbert2x@europa.eu,Indonesia,164.4.172.177
107,Mildred,Chapman,mchapman2y@xinhuanet.com,South Africa,12.199.70.174
108,Rachel,Fuller,rfuller2z@amazon.co.uk,Indonesia,11.137.231.57
109,Frank,Lee,flee30@aol.com,China,134.238.116.48
110,Johnny,Crawford,jcrawford31@bloomberg.com,Vietnam,206.142.134.110
111,Julia,King,jking32@addtoany.com,China,187.5.71.42
112,Wayne,Medina,wmedina33@1und1.de,Russia,144.28.57.144
113,Joyce,Alvarez,jalvarez34@wired.com,Yemen,246.132.8.98
114,Ruby,Hamilton,rhamilton35@google.de,China,143.209.179.82
115,Amanda,Ryan,aryan36@mozilla.org,Brazil,13.239.127.246
116,Patrick,Matthews,pmatthews37@cnet.com,Sudan,90.153.251.20
117,Carlos,Alexander,calexander38@arstechnica.com,Bulgaria,72.194.210.36
118,Heather,Andrews,handrews39@apache.org,Canada,254.39.33.108
119,Jennifer,Grant,jgrant3a@1688.com,Saint Lucia,64.239.122.32
120,Bonnie,Austin,baustin3b@guardian.co.uk,Bosnia and Herzegovina,42.69.45.90
121,Judith,Perkins,jperkins3c@lulu.com,Philippines,60.103.162.42
122,Deborah,Rivera,drivera3d@ameblo.jp,France,52.171.193.218
123,Cheryl,Rivera,crivera3e@prweb.com,Paraguay,48.205.191.178
124,Carolyn,Gonzalez,cgonzalez3f@dailymotion.com,Nigeria,115.140.48.78
125,Stephen,Larson,slarson3g@qq.com,Peru,225.178.254.189
126,Russell,Little,rlittle3h@merriam-webster.com,France,166.184.214.157
127,Louise,Howard,lhoward3i@theglobeandmail.com,Peru,82.181.53.166
128,Justin,Castillo,jcastillo3j@xinhuanet.com,Bahamas,203.96.2.10
129,Adam,Ferguson,aferguson3k@posterous.com,Indonesia,241.196.146.208
130,Justin,Jenkins,jjenkins3l@sciencedaily.com,Portugal,69.73.173.100
131,Elizabeth,Wilson,ewilson3m@plala.or.jp,Mexico,82.203.188.39
132,Kevin,Turner,kturner3n@parallels.com,China,219.146.99.39
133,Ann,Ford,aford3o@plala.or.jp,Azerbaijan,140.88.224.148
134,Karen,Fisher,kfisher3p@umich.edu,Peru,206.199.75.102
135,Nicole,Payne,npayne3q@cafepress.com,Honduras,255.243.187.174
136,Peter,King,pking3r@unicef.org,Poland,167.143.209.230
137,Earl,Stewart,estewart3s@theguardian.com,Russia,6.192.217.60
138,Betty,Fields,bfields3t@biglobe.ne.jp,Ukraine,85.6.231.242
139,Michelle,Ross,mross3u@cdbaby.com,Nigeria,136.7.249.173
140,Jeffrey,Gomez,jgomez3v@wordpress.org,Russia,0.214.211.181
141,Anne,Johnston,ajohnston3w@ucsd.edu,Philippines,67.1.146.98
142,Justin,Castillo,jcastillo3x@noaa.gov,China,14.78.167.157
143,Beverly,Kelly,bkelly3y@mtv.com,Canada,168.2.35.52
144,Ralph,Richardson,rrichardson3z@loc.gov,China,244.80.34.78
145,Thomas,Young,tyoung40@deliciousdays.com,Israel,2.107.90.179
146,Shirley,Fields,sfields41@accuweather.com,Zimbabwe,214.223.219.214
147,Marie,Myers,mmyers42@columbia.edu,Russia,70.201.3.255
148,Larry,Henderson,lhenderson43@edublogs.org,Brazil,81.235.57.134
149,Donald,Gilbert,dgilbert44@myspace.com,Portugal,30.236.99.166
150,Melissa,Hernandez,mhernandez45@youtu.be,Cuba,247.0.141.237
151,Juan,Henry,jhenry46@123-reg.co.uk,Russia,178.178.180.148
152,Julie,Sanders,jsanders47@issuu.com,China,209.245.157.92
153,Matthew,Lewis,mlewis48@usatoday.com,Vietnam,110.197.13.243
154,Johnny,Russell,jrussell49@businesswire.com,Libya,185.98.43.220
155,Willie,Wilson,wwilson4a@businessinsider.com,China,135.154.131.173
156,Willie,Romero,wromero4b@cargocollective.com,Brazil,125.37.194.45
157,Jennifer,Welch,jwelch4c@tinypic.com,Estonia,169.62.110.177
158,Phyllis,Murphy,pmurphy4d@behance.net,Dominican Republic,149.184.76.92
159,Louise,Simmons,lsimmons4e@guardian.co.uk,Philippines,149.193.207.209
160,Jeremy,Cox,jcox4f@wordpress.org,Russia,108.22.64.23
161,Justin,Williams,jwilliams4g@pagesperso-orange.fr,China,123.92.100.185
162,Kathy,Hill,khill4h@xing.com,Ukraine,232.45.79.53
163,Bruce,Knight,bknight4i@cloudflare.com,Finland,15.219.51.45
164,Victor,Frazier,vfrazier4j@huffingtonpost.com,Philippines,99.97.104.166
165,Patrick,Reynolds,preynolds4k@gravatar.com,Portugal,92.199.81.58
166,Steven,Hall,shall4l@biblegateway.com,China,251.136.95.120
167,Karen,Garrett,kgarrett4m@blogs.com,Philippines,201.176.98.228
168,Randy,Perry,rperry4n@umich.edu,Indonesia,65.83.161.4
169,Nicole,Washington,nwashington4o@sitemeter.com,Serbia,13.90.39.59
170,Norma,Freeman,nfreeman4p@parallels.com,Colombia,183.10.127.111
171,Richard,Bryant,rbryant4q@dailymotion.com,Russia,165.243.92.129
172,Patrick,Ryan,pryan4r@earthlink.net,Indonesia,75.248.147.207
173,Catherine,Gordon,cgordon4s@ftc.gov,Indonesia,135.229.246.157
174,Carl,Knight,cknight4t@ibm.com,Japan,233.176.84.124
175,Donald,Palmer,dpalmer4u@boston.com,Indonesia,183.121.129.46
176,Carolyn,Moore,cmoore4v@cyberchimps.com,Nepal,46.106.157.216
177,Matthew,King,mking4w@shinystat.com,Philippines,5.85.130.126
178,Cheryl,Fox,cfox4x@theatlantic.com,Colombia,61.222.216.183
179,Irene,Martinez,imartinez4y@barnesandnoble.com,France,219.162.163.127
180,Peter,Berry,pberry4z@goo.gl,China,192.173.133.106
181,Laura,Barnes,lbarnes50@themeforest.net,Indonesia,211.154.171.30
182,Jimmy,Carr,jcarr51@blogspot.com,Macedonia,149.233.22.150
183,Marilyn,Harris,mharris52@dedecms.com,Portugal,185.37.46.85
184,Jacqueline,Hughes,jhughes53@drupal.org,Brazil,253.202.73.222
185,Marie,Willis,mwillis54@shutterfly.com,Poland,133.181.64.55
186,Tina,Burns,tburns55@nsw.gov.au,Brazil,140.235.113.131
187,Christina,Marshall,cmarshall56@wikipedia.org,Greece,26.194.63.153
188,Dennis,Welch,dwelch57@toplist.cz,Indonesia,164.126.202.49
189,Billy,Ross,bross58@usnews.com,China,242.37.235.142
190,Patrick,Stephens,pstephens59@yahoo.com,Indonesia,243.151.71.21
191,Irene,Phillips,iphillips5a@nba.com,Bangladesh,20.249.5.135
192,Jimmy,Fields,jfields5b@blogs.com,Indonesia,103.160.2.66
193,Julie,Perry,jperry5c@oakley.com,Indonesia,89.117.33.116
194,Ernest,Murray,emurray5d@sciencedaily.com,China,139.59.25.137
195,Charles,Tucker,ctucker5e@wisc.edu,Russia,23.159.219.60
196,Ann,Weaver,aweaver5f@mediafire.com,Tunisia,234.121.13.252
197,Martin,Nichols,mnichols5g@cdbaby.com,Greece,216.220.86.102
198,Samuel,Fields,sfields5h@addtoany.com,Macedonia,162.7.85.212
199,Peter,Mitchell,pmitchell5i@ustream.tv,Mauritania,166.190.74.23
200,Mildred,Martinez,mmartinez5j@icq.com,Japan,194.176.189.48
201,Michael,Moreno,mmoreno5k@engadget.com,Poland,165.38.25.108
202,Linda,Rice,lrice5l@chicagotribune.com,Brazil,203.38.65.60
203,Joan,Anderson,janderson5m@facebook.com,Portugal,143.246.40.5
204,Robert,Collins,rcollins5n@reverbnation.com,Indonesia,155.229.58.255
205,Jonathan,Lynch,jlynch5o@sourceforge.net,Poland,198.144.225.151
206,Ann,Payne,apayne5p@is.gd,Macedonia,153.190.63.15
207,Clarence,Holmes,cholmes5q@baidu.com,Russia,134.201.152.49
208,Jacqueline,Warren,jwarren5r@lulu.com,Slovenia,76.190.88.92
209,Ashley,Bell,abell5s@cmu.edu,Philippines,1.149.89.73
210,Patrick,Murray,pmurray5t@wikispaces.com,Indonesia,91.230.225.144
211,Heather,Nguyen,hnguyen5u@istockphoto.com,Mongolia,139.95.239.157
212,Lois,Snyder,lsnyder5v@google.ru,Philippines,226.185.221.31
213,Kathleen,Castillo,kcastillo5w@ucoz.com,Philippines,65.199.67.227
214,Lawrence,Palmer,lpalmer5x@pagesperso-orange.fr,China,88.132.96.30
215,Charles,Rice,crice5y@dagondesign.com,Ghana,201.159.62.188
216,Arthur,Phillips,aphillips5z@a8.net,Philippines,114.125.29.142
217,Samuel,Young,syoung60@ox.ac.uk,Ukraine,135.108.81.213
218,Barbara,Palmer,bpalmer61@gmpg.org,Russia,101.120.23.177
219,Ruth,Ramos,rramos62@vkontakte.ru,China,88.255.157.108
220,Evelyn,Lawson,elawson63@symantec.com,Japan,108.168.56.139
221,Jennifer,Ryan,jryan64@rakuten.co.jp,New Caledonia,129.22.101.47
222,Mildred,Bishop,mbishop65@nasa.gov,Libya,19.148.48.181
223,Adam,Gordon,agordon66@mlb.com,Vietnam,214.235.179.191
224,Christine,Lynch,clynch67@nydailynews.com,Indonesia,73.34.80.249
225,Joshua,Miller,jmiller68@psu.edu,Haiti,206.156.39.43
226,Doris,Holmes,dholmes69@ft.com,Albania,115.194.87.92
227,Jean,Butler,jbutler6a@ox.ac.uk,China,98.61.108.203
228,Dorothy,Ramos,dramos6b@reference.com,Peru,226.197.204.244
229,Howard,Murphy,hmurphy6c@mapy.cz,China,135.218.7.11
230,Carlos,Russell,crussell6d@surveymonkey.com,Indonesia,245.183.200.239
231,James,Anderson,janderson6e@tmall.com,Thailand,196.12.131.169
232,Cynthia,Miller,cmiller6f@hubpages.com,Sweden,132.245.118.28
233,Dorothy,Snyder,dsnyder6g@ustream.tv,Philippines,227.175.19.110
234,Jason,Martin,jmartin6h@constantcontact.com,Georgia,142.255.54.143
235,Jeffrey,Hart,jhart6i@trellian.com,Indonesia,214.37.39.232
236,Tina,Stewart,tstewart6j@tumblr.com,China,104.240.28.104
237,Peter,Young,pyoung6k@barnesandnoble.com,Sweden,197.169.15.18
238,George,Vasquez,gvasquez6l@amazon.co.uk,Serbia,232.114.23.85
239,Eugene,Bennett,ebennett6m@wordpress.com,Japan,25.194.4.108
240,Chris,Simmons,csimmons6n@amazonaws.com,China,11.73.156.147
241,Jessica,Weaver,jweaver6o@smugmug.com,Honduras,134.137.8.213
242,Jacqueline,Morris,jmorris6p@sakura.ne.jp,Venezuela,100.74.9.6
243,Raymond,Washington,rwashington6q@mapy.cz,China,13.177.40.141
244,Louis,Peterson,lpeterson6r@pbs.org,China,170.166.242.138
245,Lisa,Cook,lcook6s@java.com,Japan,138.25.96.105
246,Tina,Pierce,tpierce6t@phoca.cz,China,64.73.67.70
247,Shirley,Stone,sstone6u@csmonitor.com,Indonesia,103.214.17.151
248,Robin,Hanson,rhanson6v@webeden.co.uk,Poland,93.188.58.150
249,Rebecca,Ray,rray6w@elegantthemes.com,Poland,147.139.75.183
250,Raymond,Arnold,rarnold6x@shop-pro.jp,Japan,181.239.107.88
251,Walter,Anderson,wanderson6y@fda.gov,Philippines,135.41.242.12
252,Benjamin,Anderson,banderson6z@gravatar.com,Indonesia,182.38.39.72
253,Keith,Bell,kbell70@plala.or.jp,China,68.181.106.175
254,Barbara,Burns,bburns71@blogtalkradio.com,Ukraine,28.255.98.182
255,Evelyn,Washington,ewashington72@clickbank.net,China,131.158.31.76
256,Adam,Jordan,ajordan73@nasa.gov,Argentina,41.227.162.51
257,Billy,Fox,bfox74@dion.ne.jp,Togo,141.82.68.110
258,Janet,Perez,jperez75@google.de,Portugal,10.192.38.234
259,Christopher,Ferguson,cferguson76@examiner.com,Thailand,8.142.84.119
260,Albert,Oliver,aoliver77@blog.com,Brazil,26.156.95.241
261,Raymond,Hall,rhall78@abc.net.au,Philippines,28.171.63.3
262,Kathryn,Hawkins,khawkins79@ebay.co.uk,Ukraine,2.236.179.164
263,Angela,Johnston,ajohnston7a@uol.com.br,China,24.189.20.64
264,Louis,Thompson,lthompson7b@zdnet.com,China,60.80.51.148
265,Louis,Turner,lturner7c@mayoclinic.com,Russia,31.182.36.47
266,Cynthia,Carpenter,ccarpenter7d@un.org,Israel,80.119.157.61
267,Antonio,White,awhite7e@army.mil,Bosnia and Herzegovina,136.21.182.102
268,Ashley,Davis,adavis7f@jigsy.com,China,220.56.231.252
269,Joan,Bradley,jbradley7g@amazonaws.com,China,103.3.20.61
270,Jennifer,Snyder,jsnyder7h@bloglines.com,Philippines,225.85.177.151
271,Cheryl,Ferguson,cferguson7i@plala.or.jp,Russia,12.148.205.35
272,Bonnie,Woods,bwoods7j@issuu.com,Mongolia,116.136.254.50
273,Gerald,Gonzales,ggonzales7k@irs.gov,Czech Republic,106.134.21.227
274,Jose,Ward,jward7l@technorati.com,Lithuania,42.12.41.228
275,Samuel,Flores,sflores7m@ucoz.com,Ukraine,100.243.31.103
276,Christine,Miller,cmiller7n@elpais.com,Philippines,107.219.97.83
277,Billy,Garcia,bgarcia7o@paginegialle.it,United States,18.158.204.151
278,Timothy,Scott,tscott7p@dailymotion.com,Japan,151.134.164.200
279,Cynthia,Mccoy,cmccoy7q@bizjournals.com,China,58.249.176.247
280,Anne,Wood,awood7r@merriam-webster.com,Indonesia,247.172.2.129
281,Irene,Johnston,ijohnston7s@goo.ne.jp,Costa Rica,246.100.63.62
282,Debra,Hall,dhall7t@indiatimes.com,China,30.30.147.199
283,Craig,Franklin,cfranklin7u@paginegialle.it,Russia,52.21.86.165
284,Jacqueline,Henderson,jhenderson7v@hatena.ne.jp,Thailand,12.44.108.85
285,Eugene,Howard,ehoward7w@ameblo.jp,Croatia,191.26.21.93
286,Kenneth,Olson,kolson7x@skyrock.com,China,220.110.193.20
287,Kathleen,Gordon,kgordon7y@linkedin.com,Thailand,27.242.159.219
288,Matthew,Watson,mwatson7z@nytimes.com,Mexico,91.62.12.171
289,Matthew,Alexander,malexander80@pen.io,Curacao,55.205.151.241
290,Cheryl,Wagner,cwagner81@rambler.ru,Comoros,40.3.2.70
291,Michelle,Day,mday82@joomla.org,Russia,241.79.50.0
292,Michelle,Welch,mwelch83@t.co,Vietnam,216.167.93.16
293,Eric,Berry,eberry84@howstuffworks.com,France,99.126.192.23
294,Carl,Jacobs,cjacobs85@ycombinator.com,China,89.151.150.86
295,Emily,Spencer,espencer86@dell.com,Brazil,183.238.122.124
296,Barbara,Gonzalez,bgonzalez87@ehow.com,Afghanistan,201.68.26.143
297,Dorothy,Jackson,djackson88@shinystat.com,France,37.191.219.176
298,William,West,wwest89@t.co,Philippines,248.71.59.173
299,Laura,Robinson,lrobinson8a@imageshack.us,Japan,41.79.14.151
300,Edward,Wallace,ewallace8b@buzzfeed.com,Slovenia,202.171.185.18
301,Barbara,Watkins,bwatkins8c@mit.edu,China,7.87.230.153
302,Phyllis,Richardson,prichardson8d@ow.ly,Indonesia,95.217.193.119
303,Alice,Long,along8e@columbia.edu,Indonesia,249.32.141.58
304,Sean,Garrett,sgarrett8f@google.cn,Belarus,177.99.139.49
305,Carl,Lane,clane8g@yellowbook.com,Kosovo,207.37.179.170
306,Anna,Mills,amills8h@ning.com,China,78.218.81.189
307,Doris,Jones,djones8i@addtoany.com,Indonesia,71.3.143.216
308,Barbara,Kelley,bkelley8j@twitpic.com,Sweden,201.200.49.255
309,William,Torres,wtorres8k@rediff.com,Malaysia,65.131.5.53
310,Joseph,Sanchez,jsanchez8l@discuz.net,Russia,78.235.180.103
311,Raymond,Spencer,rspencer8m@sciencedirect.com,Czech Republic,254.107.43.251
312,Helen,Hernandez,hhernandez8n@furl.net,China,103.238.80.109
313,Eric,Rodriguez,erodriguez8o@soup.io,China,188.225.111.59
314,Diana,Wright,dwright8p@photobucket.com,Indonesia,62.17.91.166
315,Anna,Hughes,ahughes8q@fc2.com,Peru,201.206.189.100
316,Christine,Price,cprice8r@amazon.co.jp,Greece,162.253.149.83
317,George,Kelly,gkelly8s@skype.com,North Korea,154.219.247.72
318,James,Reed,jreed8t@cmu.edu,Thailand,34.249.203.195
319,Brian,Hansen,bhansen8u@fastcompany.com,Philippines,183.36.39.12
320,Debra,Nelson,dnelson8v@sogou.com,Philippines,19.43.98.71
321,Jeremy,Ellis,jellis8w@statcounter.com,Mongolia,66.157.0.42
322,Sean,Knight,sknight8x@nytimes.com,Brazil,84.173.109.23
323,Jennifer,Nelson,jnelson8y@bandcamp.com,United States,159.196.148.150
324,Scott,Cooper,scooper8z@amazon.co.uk,France,202.200.242.129
325,Carlos,Walker,cwalker90@vkontakte.ru,Indonesia,162.177.192.20
326,Shirley,Reed,sreed91@wufoo.com,Spain,194.248.249.36
327,Sandra,Black,sblack92@yahoo.co.jp,Morocco,42.223.61.74
328,Ruth,Scott,rscott93@msu.edu,Greece,75.185.136.121
329,Donald,King,dking94@narod.ru,Nigeria,138.92.19.214
330,Antonio,Dean,adean95@epa.gov,Greece,241.156.126.233
331,Steve,Stewart,sstewart96@washingtonpost.com,Sweden,250.13.153.51
332,Justin,Oliver,joliver97@techcrunch.com,Philippines,125.255.239.85
333,Emily,Bowman,ebowman98@nba.com,Norway,143.112.36.79
334,Jesse,Ferguson,jferguson99@walmart.com,Chad,23.98.164.39
335,Mark,Mendoza,mmendoza9a@photobucket.com,Colombia,66.119.129.107
336,Donald,Henry,dhenry9b@princeton.edu,China,45.22.166.252
337,Wayne,Williams,wwilliams9c@nature.com,Indonesia,123.229.145.115
338,Donald,Daniels,ddaniels9d@pagesperso-orange.fr,Guinea,157.181.180.185
339,Rachel,Cook,rcook9e@nationalgeographic.com,Armenia,187.130.239.54
340,Albert,Little,alittle9f@wikia.com,Iceland,50.31.81.198
341,Teresa,Burton,tburton9g@yelp.com,China,185.213.191.254
342,Rachel,Fuller,rfuller9h@microsoft.com,Canada,34.107.11.120
343,Timothy,Hansen,thansen9i@europa.eu,Bosnia and Herzegovina,25.28.205.151
344,Kathryn,Meyer,kmeyer9j@hud.gov,Philippines,164.54.208.219
345,Mary,Hernandez,mhernandez9k@meetup.com,Sweden,202.65.153.192
346,Wanda,Fox,wfox9l@cyberchimps.com,Brazil,225.227.32.239
347,Anne,Daniels,adaniels9m@infoseek.co.jp,Russia,99.29.155.185
348,Kathryn,Chavez,kchavez9n@howstuffworks.com,Poland,191.110.250.81
349,Lori,Arnold,larnold9o@yandex.ru,China,7.41.29.125
350,Laura,Wagner,lwagner9p@msu.edu,China,56.166.86.31
351,Jonathan,Johnson,jjohnson9q@wikipedia.org,Russia,92.172.138.95
352,Tina,Williams,twilliams9r@nhs.uk,Zimbabwe,200.206.130.169
353,David,Banks,dbanks9s@devhub.com,Poland,44.161.92.59
354,Tammy,Butler,tbutler9t@google.co.jp,Zambia,48.67.73.14
355,Joyce,Phillips,jphillips9u@hostgator.com,Ukraine,158.191.88.169
356,Kenneth,Carroll,kcarroll9v@huffingtonpost.com,Indonesia,107.215.122.238
357,Harry,Bowman,hbowman9w@cisco.com,Yemen,37.70.182.251
358,William,Armstrong,warmstrong9x@admin.ch,Russia,43.122.156.246
359,Philip,Taylor,ptaylor9y@shinystat.com,North Korea,57.14.66.124
360,Ruby,Ward,rward9z@google.it,Brazil,84.229.153.9
361,Kelly,Matthews,kmatthewsa0@ftc.gov,United States,249.22.153.117
362,Anna,Stephens,astephensa1@ed.gov,China,176.146.29.29
363,Michelle,Stevens,mstevensa2@whitehouse.gov,China,52.208.52.61
364,Bobby,Harris,bharrisa3@berkeley.edu,Philippines,116.49.183.96
365,Jeremy,Larson,jlarsona4@hugedomains.com,Israel,194.137.42.117
366,Benjamin,Torres,btorresa5@cisco.com,Cyprus,54.215.198.180
367,Norma,Warren,nwarrena6@gravatar.com,China,25.244.92.82
368,Rebecca,White,rwhitea7@tmall.com,Russia,154.33.143.48
369,Adam,Ellis,aellisa8@spotify.com,Mongolia,63.9.96.165
370,Martin,Ryan,mryana9@opera.com,Kenya,12.78.146.212
371,Fred,Watson,fwatsonaa@biblegateway.com,Greece,73.196.56.12
372,Michelle,Diaz,mdiazab@sun.com,Netherlands,73.24.103.198
373,Linda,Cox,lcoxac@foxnews.com,Peru,234.170.50.185
374,Marie,Lawson,mlawsonad@ucsd.edu,Russia,136.40.65.195
375,Anne,Edwards,aedwardsae@t-online.de,Albania,157.138.201.192
376,Donald,Coleman,dcolemanaf@shareasale.com,Japan,249.188.204.81
377,Phillip,Mason,pmasonag@opensource.org,China,246.73.84.197
378,Martha,Ross,mrossah@newsvine.com,France,251.115.250.174
379,Jane,Reid,jreidai@cyberchimps.com,Thailand,51.21.32.116
380,Maria,Anderson,mandersonaj@pen.io,Philippines,228.4.178.206
381,Joan,Cooper,jcooperak@bigcartel.com,China,255.147.140.134
382,Raymond,Garza,rgarzaal@mysql.com,France,186.176.146.146
383,Julie,Hanson,jhansonam@sciencedaily.com,China,77.152.202.78
384,Ronald,Fields,rfieldsan@weibo.com,Portugal,220.152.166.104
385,Phyllis,Gardner,pgardnerao@reference.com,Indonesia,53.49.183.193
386,Edward,Simpson,esimpsonap@dyndns.org,Philippines,149.224.170.119
387,Nicole,Morgan,nmorganaq@ucsd.edu,Indonesia,247.220.35.238
388,Thomas,Carr,tcarrar@parallels.com,Brazil,239.151.104.49
389,Jimmy,Jackson,jjacksonas@so-net.ne.jp,Vietnam,92.128.61.115
390,Jack,Bennett,jbennettat@lycos.com,Poland,127.65.93.221
391,Gary,Long,glongau@aboutads.info,China,49.29.82.165
392,Lisa,Roberts,lrobertsav@nasa.gov,Indonesia,74.98.199.255
393,Jeffrey,Ross,jrossaw@blog.com,China,225.106.39.177
394,Andrea,Mcdonald,amcdonaldax@craigslist.org,China,246.235.6.121
395,Mary,Peters,mpetersay@storify.com,Indonesia,66.222.30.46
396,Albert,Mills,amillsaz@pcworld.com,Indonesia,224.2.63.175
397,Richard,Myers,rmyersb0@mysql.com,Japan,11.52.61.196
398,Kevin,Hughes,khughesb1@dyndns.org,Argentina,60.118.181.164
399,Raymond,Hunt,rhuntb2@answers.com,Bolivia,224.159.234.230
400,Maria,Bradley,mbradleyb3@china.com.cn,China,22.151.27.105
401,Teresa,Dixon,tdixonb4@i2i.jp,Japan,146.129.168.246
402,Robin,Hanson,rhansonb5@hp.com,China,154.11.8.249
403,Louise,Price,lpriceb6@gizmodo.com,Argentina,9.215.67.250
404,Andrea,Fuller,afullerb7@dell.com,China,115.52.57.140
405,Margaret,White,mwhiteb8@google.fr,Georgia,113.253.158.74
406,Matthew,Porter,mporterb9@bbc.co.uk,Portugal,62.92.112.156
407,Mary,Bell,mbellba@yellowpages.com,Russia,110.17.59.177
408,Kelly,Nelson,knelsonbb@nsw.gov.au,Japan,173.9.104.231
409,Scott,Bishop,sbishopbc@fotki.com,Malaysia,86.178.129.82
410,Philip,Ferguson,pfergusonbd@amazon.com,China,154.226.144.19
411,Mary,Morgan,mmorganbe@nhs.uk,Sweden,147.129.244.41
412,Anthony,Jordan,ajordanbf@topsy.com,Indonesia,228.253.25.171
413,Larry,Diaz,ldiazbg@businessweek.com,Argentina,92.126.113.50
414,Antonio,Cunningham,acunninghambh@slashdot.org,China,68.240.155.142
415,Ashley,Mendoza,amendozabi@yahoo.co.jp,Russia,91.124.115.229
416,Eugene,Sanchez,esanchezbj@uol.com.br,Philippines,113.240.66.180
417,Nicholas,Hill,nhillbk@bbb.org,Libya,27.70.112.45
418,Alan,Lane,alanebl@google.cn,Indonesia,39.77.148.219
419,Lori,Howell,lhowellbm@clickbank.net,Thailand,82.181.184.176
420,Jennifer,Burton,jburtonbn@google.cn,El Salvador,54.45.222.149
421,Irene,Lynch,ilynchbo@feedburner.com,Brazil,139.79.9.172
422,Janet,Chavez,jchavezbp@dedecms.com,Russia,125.62.21.160
423,Keith,Gilbert,kgilbertbq@comcast.net,Philippines,202.113.4.42
424,Henry,Matthews,hmatthewsbr@bloomberg.com,Uruguay,196.44.119.98
425,Charles,Alexander,calexanderbs@phoca.cz,Philippines,143.51.198.193
426,Beverly,Wright,bwrightbt@networksolutions.com,Iran,16.144.59.5
427,Doris,Peters,dpetersbu@example.com,United Kingdom,193.0.56.166
428,Rachel,Griffin,rgriffinbv@de.vu,China,12.155.114.182
429,Fred,Owens,fowensbw@ezinearticles.com,France,18.165.161.156
430,Juan,Frazier,jfrazierbx@phpbb.com,China,221.116.246.117
431,Alan,Henry,ahenryby@liveinternet.ru,Japan,84.97.25.79
432,Lori,Burton,lburtonbz@samsung.com,China,223.70.8.228
433,Randy,Stephens,rstephensc0@bbc.co.uk,Spain,153.163.190.92
434,Katherine,Coleman,kcolemanc1@sitemeter.com,Indonesia,250.192.134.240
435,Annie,Powell,apowellc2@fema.gov,France,236.247.136.7
436,Emily,Fuller,efullerc3@quantcast.com,Haiti,203.172.1.145
437,Larry,Hall,lhallc4@addtoany.com,Brazil,235.143.1.94
438,Jacqueline,Myers,jmyersc5@eepurl.com,Brazil,190.241.68.132
439,Philip,Phillips,pphillipsc6@networkadvertising.org,Honduras,194.31.65.105
440,Evelyn,Wagner,ewagnerc7@toplist.cz,Czech Republic,201.212.190.249
441,Thomas,Tucker,ttuckerc8@theglobeandmail.com,Netherlands,40.111.37.250
442,Donald,Robinson,drobinsonc9@eepurl.com,South Korea,99.200.154.176
443,Kimberly,Williams,kwilliamsca@example.com,China,17.39.83.130
444,Laura,Edwards,ledwardscb@sciencedirect.com,United States,108.51.143.166
445,Ryan,Grant,rgrantcc@nature.com,France,7.107.71.120
446,Maria,Garrett,mgarrettcd@wp.com,Indonesia,1.162.103.165
447,Peter,Davis,pdavisce@gnu.org,Albania,249.149.28.166
448,Sandra,Kelley,skelleycf@chronoengine.com,Indonesia,136.160.249.48
449,Sharon,Wagner,swagnercg@cmu.edu,Ukraine,187.61.254.224
450,Jeremy,Lawson,jlawsonch@123-reg.co.uk,Dominican Republic,195.8.106.136
451,Kenneth,Reynolds,kreynoldsci@cnet.com,Poland,183.201.250.212
452,Diane,Elliott,delliottcj@macromedia.com,China,142.120.196.27
453,Marie,Fox,mfoxck@ycombinator.com,Thailand,35.103.78.123
454,Roy,Knight,rknightcl@freewebs.com,Ukraine,77.105.234.204
455,Pamela,Moore,pmoorecm@abc.net.au,Egypt,155.169.133.152
456,Douglas,Parker,dparkercn@squidoo.com,Sweden,120.188.15.37
457,Catherine,Porter,cporterco@ftc.gov,Portugal,238.51.108.134
458,Michael,Harris,mharriscp@ftc.gov,Argentina,125.232.150.203
459,Scott,Mitchell,smitchellcq@devhub.com,Cyprus,90.192.10.191
460,Kathryn,Warren,kwarrencr@who.int,Belgium,104.201.213.99
461,Rebecca,Porter,rportercs@bizjournals.com,Ecuador,156.64.186.248
462,Diana,Nelson,dnelsonct@yelp.com,Indonesia,126.213.130.92
463,Ruth,Ferguson,rfergusoncu@chronoengine.com,Poland,201.237.67.41
464,Susan,Armstrong,sarmstrongcv@answers.com,Armenia,89.70.194.201
465,Julia,Gibson,jgibsoncw@amazon.com,Venezuela,237.27.83.229
466,Donna,Nichols,dnicholscx@mail.ru,Ireland,187.138.109.59
467,Andrew,Gibson,agibsoncy@google.com.br,Macedonia,244.16.185.222
468,Mildred,Washington,mwashingtoncz@ted.com,France,46.40.216.124
469,James,Vasquez,jvasquezd0@webeden.co.uk,Uruguay,248.36.42.87
470,Lisa,Dixon,ldixond1@independent.co.uk,China,109.101.189.118
471,Shirley,Turner,sturnerd2@illinois.edu,Portugal,243.108.191.123
472,Craig,Sanders,csandersd3@goo.gl,Indonesia,74.155.123.180
473,Larry,Simpson,lsimpsond4@apple.com,Brazil,0.197.120.114
474,Debra,Jacobs,djacobsd5@aboutads.info,Swaziland,65.192.253.142
475,Russell,Stephens,rstephensd6@ning.com,Philippines,63.34.226.8
476,Anna,Thomas,athomasd7@vinaora.com,Indonesia,143.52.137.172
477,Janice,Dunn,jdunnd8@scribd.com,Portugal,130.71.83.77
478,Eugene,Nelson,enelsond9@irs.gov,Peru,247.42.244.13
479,Teresa,Hill,thillda@netscape.com,Morocco,16.102.146.80
480,Daniel,Vasquez,dvasquezdb@barnesandnoble.com,Philippines,62.149.112.75
481,Linda,Washington,lwashingtondc@army.mil,China,88.80.85.233
482,Craig,Johnston,cjohnstondd@microsoft.com,Kazakhstan,35.51.61.41
483,Keith,Peters,kpetersde@uiuc.edu,Nicaragua,78.89.77.29
484,Patrick,Myers,pmyersdf@mysql.com,Montenegro,103.26.57.81
485,Brian,Rice,bricedg@acquirethisname.com,China,251.46.244.119
486,Michael,George,mgeorgedh@intel.com,China,0.124.229.72
487,Michelle,Reid,mreiddi@youtu.be,Chad,216.220.53.237
488,Beverly,Harvey,bharveydj@ebay.co.uk,China,59.40.106.71
489,Rachel,Gutierrez,rgutierrezdk@hatena.ne.jp,Indonesia,239.19.181.252
490,Russell,Burke,rburkedl@so-net.ne.jp,Philippines,235.124.131.140
491,Timothy,Kelley,tkelleydm@wikia.com,Argentina,59.53.78.157
492,Jennifer,Perez,jperezdn@symantec.com,Indonesia,124.10.153.6
493,Donna,Mcdonald,dmcdonalddo@intel.com,Brazil,119.72.153.65
494,Diane,Cook,dcookdp@nbcnews.com,Philippines,231.6.141.81
495,Diane,Rivera,driveradq@yolasite.com,Peru,245.239.85.244
496,Frank,Carter,fcarterdr@abc.net.au,Indonesia,231.56.111.31
497,Jacqueline,Schmidt,jschmidtds@amazon.co.uk,Philippines,11.57.190.69
498,Gary,Bailey,gbaileydt@cbsnews.com,Czech Republic,80.45.1.10
499,Aaron,Hansen,ahansendu@google.com.br,China,194.208.44.101
500,John,Hansen,jhansendv@samsung.com,Peru,151.243.105.104
501,Raymond,Romero,rromerodw@google.ca,Slovenia,243.0.185.89
502,Antonio,Reyes,areyesdx@gov.uk,Portugal,112.174.60.209
503,Ruby,Bailey,rbaileydy@loc.gov,China,28.218.203.141
504,Ralph,Gibson,rgibsondz@google.nl,Peru,16.118.227.130
505,Paula,Gonzales,pgonzalese0@facebook.com,Iran,6.47.91.86
506,Gloria,Roberts,grobertse1@livejournal.com,Venezuela,66.1.153.253
507,Robin,Rodriguez,rrodrigueze2@sohu.com,China,58.177.58.41
508,Peter,Perez,ppereze3@seattletimes.com,Chile,99.198.19.117
509,Heather,Jones,hjonese4@live.com,Indonesia,136.99.88.249
510,Deborah,Bryant,dbryante5@e-recht24.de,China,207.149.120.167
511,Charles,Phillips,cphillipse6@umn.edu,Ukraine,60.171.42.127
512,Ann,Nichols,anicholse7@cdbaby.com,China,109.161.105.203
513,Samuel,Moreno,smorenoe8@dot.gov,Indonesia,75.230.148.205
514,Joshua,Howard,jhowarde9@tumblr.com,Indonesia,83.218.51.78
515,Patrick,Foster,pfosterea@flavors.me,Indonesia,33.232.139.232
516,Anthony,Greene,agreeneeb@rediff.com,Brazil,216.132.22.68
517,Karen,Martin,kmartinec@google.co.uk,China,190.221.13.156
518,Theresa,Nichols,tnicholsed@columbia.edu,Indonesia,187.73.198.111
519,Christine,Mcdonald,cmcdonaldee@google.com.br,Russia,161.14.175.210
520,Steve,Stevens,sstevensef@rediff.com,Poland,126.216.115.195
521,Emily,Tucker,etuckereg@ebay.co.uk,Portugal,223.147.72.81
522,Norma,Shaw,nshaweh@feedburner.com,China,129.37.200.36
523,Heather,Romero,hromeroei@netlog.com,Chile,203.102.152.43
524,Mary,Cooper,mcooperej@smh.com.au,Peru,181.121.172.192
525,Mark,Lawson,mlawsonek@youku.com,Vietnam,13.109.94.147
526,George,Rose,groseel@nature.com,Mauritius,199.68.204.209
527,Robin,Gomez,rgomezem@drupal.org,Russia,167.26.253.55
528,Billy,Hughes,bhughesen@cornell.edu,Guatemala,128.54.97.109
529,Gerald,Alexander,galexandereo@behance.net,France,108.169.210.7
530,Donald,Rice,driceep@statcounter.com,China,176.160.243.50
531,Maria,Stevens,mstevenseq@domainmarket.com,Tanzania,50.158.86.220
532,Brandon,James,bjameser@miitbeian.gov.cn,Indonesia,169.138.188.120
533,Wayne,Daniels,wdanielses@gnu.org,United States,80.131.51.182
534,Judy,Thomas,jthomaset@time.com,Guam,188.136.113.232
535,Wanda,Montgomery,wmontgomeryeu@freewebs.com,Mexico,89.226.105.177
536,Brian,Powell,bpowellev@t-online.de,Colombia,220.198.185.107
537,Marie,Wright,mwrightew@ibm.com,Philippines,247.246.125.130
538,Benjamin,Wells,bwellsex@bigcartel.com,Russia,136.85.51.224
539,Phillip,Olson,polsoney@netvibes.com,Kuwait,50.191.81.144
540,Raymond,Sanders,rsandersez@hostgator.com,Albania,181.122.178.188
541,Melissa,Owens,mowensf0@naver.com,Portugal,72.240.211.86
542,Cynthia,Warren,cwarrenf1@mapy.cz,Luxembourg,45.209.206.97
543,Christopher,Jordan,cjordanf2@phoca.cz,Tuvalu,88.204.139.132
544,Aaron,Wood,awoodf3@yandex.ru,Brazil,189.177.147.76
545,Ann,Walker,awalkerf4@fotki.com,United States,113.89.110.114
546,Jeremy,Burns,jburnsf5@mashable.com,Ukraine,58.133.166.186
547,Ernest,Meyer,emeyerf6@qq.com,Belarus,68.12.64.145
548,Arthur,Hughes,ahughesf7@foxnews.com,Palestinian Territory,26.20.141.65
549,Andrew,Alexander,aalexanderf8@ucoz.com,Brazil,43.2.198.51
550,Jerry,Williamson,jwilliamsonf9@xinhuanet.com,United States,176.16.205.189
551,Kevin,Reynolds,kreynoldsfa@dyndns.org,China,150.239.183.64
552,Carlos,Mcdonald,cmcdonaldfb@nationalgeographic.com,China,59.234.188.151
553,Alice,Warren,awarrenfc@java.com,Iran,26.118.194.84
554,Margaret,James,mjamesfd@infoseek.co.jp,Brazil,142.116.30.52
555,Marilyn,Murphy,mmurphyfe@elegantthemes.com,France,107.174.92.245
556,Judy,Lawson,jlawsonff@npr.org,Philippines,130.184.89.127
557,Eric,George,egeorgefg@diigo.com,Palestinian Territory,160.90.84.139
558,Theresa,Edwards,tedwardsfh@i2i.jp,China,106.199.196.84
559,Willie,Martin,wmartinfi@typepad.com,China,224.71.157.196
560,Harold,Perry,hperryfj@pinterest.com,China,137.26.61.195
561,Wayne,Bailey,wbaileyfk@youtube.com,Hong Kong,179.4.31.83
562,Helen,Stewart,hstewartfl@apple.com,Philippines,255.70.198.223
563,Fred,Medina,fmedinafm@harvard.edu,Mexico,181.250.157.195
564,Antonio,Stevens,astevensfn@guardian.co.uk,Thailand,166.148.224.179
565,Wayne,Anderson,wandersonfo@va.gov,Latvia,99.118.111.197
566,Craig,Peters,cpetersfp@i2i.jp,Poland,101.55.46.104
567,Ernest,Porter,eporterfq@about.com,Saint Lucia,239.55.77.23
568,Donald,Harvey,dharveyfr@rambler.ru,Argentina,17.94.106.90
569,Johnny,Patterson,jpattersonfs@ihg.com,Ivory Coast,55.23.13.195
570,Martha,Mccoy,mmccoyft@dailymotion.com,Bosnia and Herzegovina,97.99.27.103
571,Gerald,Bailey,gbaileyfu@yolasite.com,China,193.47.150.32
572,Howard,Watkins,hwatkinsfv@aboutads.info,Peru,133.84.165.246
573,Donald,Kim,dkimfw@reuters.com,Russia,53.215.24.162
574,Ann,Fields,afieldsfx@networkadvertising.org,Mexico,154.128.229.8
575,Rachel,Davis,rdavisfy@livejournal.com,Brazil,186.167.11.48
576,Kevin,Gonzales,kgonzalesfz@auda.org.au,Mexico,125.149.187.51
577,Ann,Morales,amoralesg0@fc2.com,China,116.34.167.9
578,Kenneth,Griffin,kgriffing1@com.com,Poland,126.116.183.236
579,Karen,Harris,kharrisg2@mozilla.com,Sweden,31.83.198.29
580,Timothy,Robinson,trobinsong3@360.cn,China,130.248.75.148
581,Paula,Ford,pfordg4@oakley.com,Russia,144.86.84.161
582,Juan,Gonzalez,jgonzalezg5@foxnews.com,Sweden,197.8.90.54
583,Shawn,Burton,sburtong6@delicious.com,Nigeria,38.228.248.51
584,Charles,Freeman,cfreemang7@independent.co.uk,Uganda,24.79.119.10
585,Alan,Kennedy,akennedyg8@lulu.com,Ukraine,193.36.111.255
586,Kevin,Myers,kmyersg9@msu.edu,Thailand,106.69.106.142
587,Todd,Andrews,tandrewsga@fotki.com,Brazil,66.135.129.33
588,Cynthia,Rivera,criveragb@usatoday.com,Brazil,197.216.42.91
589,Gregory,Frazier,gfraziergc@hugedomains.com,Yemen,213.32.23.67
590,Gregory,Riley,grileygd@yahoo.co.jp,United States,204.93.87.223
591,James,Allen,jallenge@go.com,Cameroon,76.76.93.77
592,Rose,Wood,rwoodgf@theatlantic.com,Indonesia,145.100.177.165
593,Beverly,Frazier,bfraziergg@csmonitor.com,China,216.11.84.126
594,Richard,Fields,rfieldsgh@mapy.cz,China,118.88.94.99
595,Ronald,Roberts,rrobertsgi@npr.org,Indonesia,28.187.103.84
596,Gary,Lynch,glynchgj@xinhuanet.com,Canada,80.93.68.171
597,Jessica,Adams,jadamsgk@jiathis.com,China,241.182.149.227
598,Ashley,Russell,arussellgl@freewebs.com,Egypt,35.107.138.36
599,Kenneth,Rose,krosegm@addthis.com,Russia,88.34.242.66
600,Randy,Burns,rburnsgn@paypal.com,Somalia,205.82.100.222
601,Harry,Franklin,hfranklingo@plala.or.jp,China,233.247.247.117
602,Jerry,Reynolds,jreynoldsgp@hibu.com,Peru,162.103.28.143
603,Doris,George,dgeorgegq@latimes.com,South Korea,235.74.123.157
604,Elizabeth,Hill,ehillgr@fema.gov,Ethiopia,233.39.240.88
605,Justin,Jenkins,jjenkinsgs@buzzfeed.com,Finland,154.251.98.60
606,Joseph,Washington,jwashingtongt@cdbaby.com,Brazil,124.2.119.202
607,Terry,Hanson,thansongu@ucoz.com,Croatia,89.138.77.107
608,Kevin,Garcia,kgarciagv@army.mil,Brazil,67.253.170.0
609,Paula,Robertson,probertsongw@europa.eu,Sweden,153.231.200.71
610,Sharon,Hughes,shughesgx@sciencedaily.com,Russia,175.207.236.95
611,Nicholas,Perry,nperrygy@mapquest.com,Greece,238.112.72.70
612,Tina,Owens,towensgz@cam.ac.uk,Dominican Republic,115.188.156.92
613,Jerry,Griffin,jgriffinh0@opensource.org,China,22.33.4.206
614,John,Peterson,jpetersonh1@naver.com,Brazil,145.125.186.174
615,Roger,Rogers,rrogersh2@hhs.gov,France,97.54.63.174
616,Ralph,Howard,rhowardh3@google.com.au,China,151.20.144.101
617,Kelly,Ray,krayh4@ucla.edu,Philippines,186.56.123.148
618,Samuel,Fowler,sfowlerh5@simplemachines.org,Iran,126.147.31.244
619,Sean,Jones,sjonesh6@hubpages.com,Ukraine,34.93.248.85
620,Katherine,Hanson,khansonh7@furl.net,Portugal,86.15.54.191
621,Shirley,Gordon,sgordonh8@dmoz.org,China,167.208.180.2
622,Timothy,Murphy,tmurphyh9@washingtonpost.com,Chile,75.191.164.192
623,Wayne,Perry,wperryha@tinyurl.com,Greece,147.106.213.126
624,Julie,Thomas,jthomashb@yellowbook.com,China,21.52.214.165
625,Eugene,Bennett,ebennetthc@si.edu,China,118.61.109.38
626,Elizabeth,Allen,eallenhd@ihg.com,China,23.173.134.19
627,Kevin,Castillo,kcastillohe@taobao.com,China,7.243.137.91
628,Gregory,Porter,gporterhf@blogspot.com,Japan,115.189.202.75
629,Rebecca,Fuller,rfullerhg@stumbleupon.com,China,60.129.114.42
630,Carl,Murray,cmurrayhh@utexas.edu,China,251.16.119.235
631,Phyllis,James,pjameshi@fc2.com,Indonesia,35.176.3.232
632,Mildred,Martinez,mmartinezhj@google.com.au,China,38.171.10.43
633,Michelle,Carr,mcarrhk@guardian.co.uk,Uruguay,1.91.48.15
634,Craig,Harvey,charveyhl@meetup.com,Germany,109.160.214.14
635,Edward,Johnston,ejohnstonhm@weebly.com,Indonesia,152.193.188.205
636,Theresa,Castillo,tcastillohn@discuz.net,Japan,165.20.38.109
637,Robert,Taylor,rtaylorho@vimeo.com,Colombia,164.135.111.26
638,Jonathan,Flores,jfloreshp@admin.ch,United States,86.58.70.229
639,Martin,Ortiz,mortizhq@sun.com,Indonesia,171.242.44.84
640,Terry,Rice,tricehr@mit.edu,Russia,124.81.45.98
641,Brandon,Chavez,bchavezhs@deviantart.com,Kyrgyzstan,4.150.64.151
642,Betty,Greene,bgreeneht@1und1.de,China,27.154.58.175
643,Joyce,Gonzales,jgonzaleshu@sina.com.cn,Brazil,182.199.126.184
644,Robert,Meyer,rmeyerhv@hc360.com,Lithuania,193.68.255.121
645,Fred,Oliver,foliverhw@seesaa.net,Mauritius,66.82.175.218
646,Lori,Fields,lfieldshx@topsy.com,Argentina,19.64.175.155
647,Lois,Wright,lwrighthy@usatoday.com,Indonesia,153.13.21.174
648,Ruby,Russell,rrussellhz@examiner.com,Norway,9.98.15.218
649,Annie,Lynch,alynchi0@quantcast.com,Argentina,216.40.221.141
650,Aaron,Weaver,aweaveri1@wordpress.com,Czech Republic,162.226.31.23
651,Walter,Riley,wrileyi2@independent.co.uk,Canada,223.109.77.31
652,Carol,Reyes,creyesi3@myspace.com,Canada,13.89.181.180
653,Steven,Hamilton,shamiltoni4@github.io,Thailand,231.97.141.238
654,Nicole,Rogers,nrogersi5@amazon.com,Indonesia,186.155.182.50
655,Deborah,Watson,dwatsoni6@twitter.com,Czech Republic,12.149.94.85
656,Lawrence,Scott,lscotti7@ihg.com,China,205.184.67.20
657,Marie,Mason,mmasoni8@tripadvisor.com,Indonesia,9.187.163.252
658,Phyllis,Rogers,progersi9@loc.gov,Venezuela,36.215.164.156
659,Jacqueline,Tucker,jtuckeria@facebook.com,Philippines,9.30.250.152
660,Heather,Owens,howensib@pbs.org,Belarus,191.154.236.93
661,Peter,Mendoza,pmendozaic@who.int,China,158.34.101.12
662,Marie,Spencer,mspencerid@elegantthemes.com,South Africa,252.193.13.38
663,David,Frazier,dfrazierie@sbwire.com,China,43.59.86.38
664,Bruce,Jacobs,bjacobsif@squarespace.com,Canada,15.0.38.243
665,Mary,Taylor,mtaylorig@usa.gov,China,28.153.168.14
666,Melissa,Burton,mburtonih@unblog.fr,Sweden,5.76.205.111
667,Cheryl,Austin,caustinii@devhub.com,Peru,185.175.249.135
668,Gloria,Lee,gleeij@japanpost.jp,Greece,105.84.135.222
669,Jack,Phillips,jphillipsik@so-net.ne.jp,China,137.60.107.101
670,Janet,Holmes,jholmesil@narod.ru,Afghanistan,95.204.44.128
671,Edward,Butler,ebutlerim@sbwire.com,Indonesia,3.54.36.215
672,Amy,Franklin,afranklinin@china.com.cn,Canada,196.71.125.236
673,Antonio,Sullivan,asullivanio@purevolume.com,Russia,245.185.112.157
674,John,Pierce,jpierceip@example.com,Poland,114.224.191.151
675,Rebecca,Knight,rknightiq@facebook.com,Japan,59.230.58.150
676,Robin,Larson,rlarsonir@newsvine.com,Indonesia,45.247.109.194
677,Margaret,Dean,mdeanis@goo.gl,Peru,187.238.98.164
678,Gerald,Weaver,gweaverit@com.com,Philippines,4.12.122.216
679,Sean,Lawrence,slawrenceiu@w3.org,Palau,187.198.74.194
680,Louis,Carr,lcarriv@bluehost.com,Guatemala,212.127.220.78
681,Scott,Hansen,shanseniw@dagondesign.com,Indonesia,169.133.3.19
682,Antonio,Grant,agrantix@hp.com,Mexico,102.138.187.213
683,Anne,Bowman,abowmaniy@chicagotribune.com,Czech Republic,144.238.140.19
684,Theresa,Ruiz,truiziz@meetup.com,Albania,190.102.249.199
685,Chris,Alvarez,calvarezj0@independent.co.uk,Colombia,103.110.163.228
686,Shawn,Ellis,sellisj1@ftc.gov,Bosnia and Herzegovina,200.202.191.167
687,Jean,Fox,jfoxj2@webs.com,China,159.86.163.65
688,Doris,Henry,dhenryj3@epa.gov,Sweden,85.55.107.137
689,Roy,Ellis,rellisj4@over-blog.com,China,71.252.239.5
690,Gary,Hunt,ghuntj5@tripadvisor.com,Portugal,5.72.8.227
691,Kathleen,Burke,kburkej6@nba.com,China,58.211.230.208
692,Denise,Watson,dwatsonj7@stumbleupon.com,Portugal,119.61.191.14
693,John,Brown,jbrownj8@accuweather.com,Japan,208.157.26.97
694,Judith,Richardson,jrichardsonj9@aol.com,Netherlands,112.188.112.55
695,Wanda,Phillips,wphillipsja@privacy.gov.au,Malaysia,46.112.99.81
696,Philip,Reyes,preyesjb@gizmodo.com,Philippines,194.37.6.29
697,Patricia,Henderson,phendersonjc@sphinn.com,China,212.177.163.215
698,Dennis,Henry,dhenryjd@ifeng.com,Macedonia,248.250.155.233
699,Gerald,Adams,gadamsje@dyndns.org,China,124.200.59.226
700,Kenneth,Spencer,kspencerjf@over-blog.com,Russia,244.68.31.129
701,Sara,Garza,sgarzajg@indiegogo.com,Libya,58.206.55.30
702,Bobby,Baker,bbakerjh@sogou.com,Peru,60.225.122.0
703,Jeffrey,Brown,jbrownji@hostgator.com,Philippines,238.179.168.135
704,Ernest,Price,epricejj@dell.com,Norway,148.167.192.179
705,Judy,Reyes,jreyesjk@infoseek.co.jp,China,156.43.180.176
706,Lawrence,Hamilton,lhamiltonjl@bbb.org,Japan,78.253.14.105
707,Chris,Carpenter,ccarpenterjm@google.pl,Mexico,230.122.117.45
708,Susan,West,swestjn@cbsnews.com,Russia,143.146.159.172
709,Mary,Davis,mdavisjo@nifty.com,Colombia,88.81.62.64
710,Christina,Bradley,cbradleyjp@flavors.me,Saudi Arabia,223.159.146.80
711,Sarah,Lee,sleejq@squarespace.com,French Polynesia,30.224.89.94
712,Sara,Patterson,spattersonjr@independent.co.uk,Comoros,194.176.205.92
713,Adam,Hunter,ahunterjs@independent.co.uk,China,129.105.197.70
714,Justin,Ross,jrossjt@chron.com,Chile,72.115.165.108
715,Billy,Oliver,boliverju@ucla.edu,China,26.153.133.76
716,Joan,Stewart,jstewartjv@uiuc.edu,China,139.24.47.223
717,Timothy,Morris,tmorrisjw@utexas.edu,China,106.101.207.252
718,Walter,Owens,wowensjx@yellowpages.com,Canada,37.9.4.222
719,Ronald,Dixon,rdixonjy@studiopress.com,Australia,163.60.65.209
720,Albert,Carpenter,acarpenterjz@independent.co.uk,Malaysia,138.35.218.11
721,Patricia,Harvey,pharveyk0@illinois.edu,China,56.39.185.129
722,Kenneth,Gonzalez,kgonzalezk1@bing.com,Canada,253.121.239.234
723,Jeffrey,Reynolds,jreynoldsk2@networkadvertising.org,Russia,201.156.240.25
724,Emily,Ray,erayk3@reference.com,China,176.135.77.64
725,Ruby,Arnold,rarnoldk4@usda.gov,Peru,249.171.209.160
726,Chris,Wilson,cwilsonk5@icq.com,Russia,90.14.248.69
727,Justin,Gray,jgrayk6@fda.gov,Mongolia,101.180.229.130
728,John,Tucker,jtuckerk7@google.pl,China,131.43.95.193
729,Wanda,Gordon,wgordonk8@nbcnews.com,China,205.56.180.94
730,Nicholas,Bennett,nbennettk9@bloglovin.com,Bulgaria,184.51.166.71
731,Melissa,Carroll,mcarrollka@statcounter.com,Greece,97.53.182.84
732,Shirley,Burton,sburtonkb@1und1.de,Philippines,243.22.247.37
733,Albert,Ramos,aramoskc@yale.edu,Oman,73.96.128.248
734,Kathy,Diaz,kdiazkd@comsenz.com,Kosovo,13.11.135.39
735,Rose,Mccoy,rmccoyke@sbwire.com,China,7.201.43.221
736,Maria,Mcdonald,mmcdonaldkf@noaa.gov,Dominican Republic,151.51.10.119
737,Jesse,Miller,jmillerkg@senate.gov,Iran,171.68.178.35
738,Jerry,Wright,jwrightkh@newsvine.com,Portugal,174.7.125.203
739,Jose,Washington,jwashingtonki@wunderground.com,Brazil,249.248.192.80
740,Beverly,Stone,bstonekj@barnesandnoble.com,Indonesia,213.235.217.5
741,Stephanie,Cook,scookkk@si.edu,Venezuela,132.48.157.186
742,Carl,Hall,challkl@yandex.ru,Brazil,229.172.48.157
743,Todd,Mills,tmillskm@archive.org,Brazil,136.3.218.145
744,Heather,Frazier,hfrazierkn@scientificamerican.com,China,41.153.50.47
745,Gregory,Baker,gbakerko@nyu.edu,Canada,2.130.175.162
746,Janice,Russell,jrussellkp@howstuffworks.com,Albania,216.215.17.191
747,Joe,Castillo,jcastillokq@mapquest.com,Vietnam,208.95.45.207
748,Helen,Wagner,hwagnerkr@photobucket.com,China,71.29.220.118
749,Justin,Frazier,jfrazierks@goo.gl,France,99.79.87.185
750,Andrea,Howell,ahowellkt@ehow.com,China,215.10.120.111
751,George,Mills,gmillsku@123-reg.co.uk,Senegal,47.106.93.246
752,Ann,Foster,afosterkv@homestead.com,New Zealand,171.92.49.44
753,Raymond,Lane,rlanekw@facebook.com,Philippines,31.187.223.74
754,Michael,Wood,mwoodkx@wordpress.com,Indonesia,206.250.82.90
755,Carolyn,Mills,cmillsky@comsenz.com,China,174.3.107.110
756,Frank,Knight,fknightkz@is.gd,Philippines,216.43.91.122
757,Joseph,Hamilton,jhamiltonl0@weebly.com,Indonesia,65.210.78.94
758,Sara,Lee,sleel1@cbc.ca,China,163.34.46.81
759,Patricia,Harris,pharrisl2@lulu.com,China,130.239.236.16
760,James,Crawford,jcrawfordl3@noaa.gov,Philippines,210.58.149.76
761,Jason,Watkins,jwatkinsl4@hostgator.com,Greece,161.82.22.57
762,Karen,Palmer,kpalmerl5@about.com,Cuba,200.198.69.41
763,Janet,Matthews,jmatthewsl6@hatena.ne.jp,Indonesia,247.80.223.91
764,Dennis,Garrett,dgarrettl7@techcrunch.com,China,167.193.123.208
765,Andrea,Olson,aolsonl8@sciencedaily.com,Lebanon,83.124.149.90
766,Theresa,King,tkingl9@whitehouse.gov,Indonesia,5.49.24.43
767,Rachel,Turner,rturnerla@nba.com,Portugal,140.107.143.126
768,Christina,Hansen,chansenlb@ebay.com,Indonesia,190.178.225.219
769,Rebecca,Moore,rmoorelc@ed.gov,China,239.251.106.96
770,Timothy,Moore,tmooreld@rediff.com,Indonesia,43.230.44.125
771,Brian,Thompson,bthompsonle@drupal.org,China,196.166.137.49
772,Christina,Duncan,cduncanlf@github.com,Vietnam,236.239.157.215
773,Scott,Burke,sburkelg@ibm.com,Nigeria,24.56.240.15
774,George,Bell,gbelllh@intel.com,Indonesia,206.147.139.135
775,Sharon,Kennedy,skennedyli@dion.ne.jp,Venezuela,32.19.134.123
776,Margaret,Holmes,mholmeslj@youku.com,Mongolia,21.155.232.18
777,Phillip,Oliver,poliverlk@networksolutions.com,Sri Lanka,74.67.104.7
778,Charles,Daniels,cdanielsll@apache.org,Paraguay,166.31.116.121
779,Louise,Rodriguez,lrodriguezlm@i2i.jp,Serbia,53.131.45.212
780,Doris,Miller,dmillerln@newsvine.com,Greece,202.107.93.126
781,Bobby,White,bwhitelo@vistaprint.com,Indonesia,22.8.116.227
782,Amy,Burke,aburkelp@census.gov,Ukraine,172.45.66.175
783,Heather,Harper,hharperlq@vk.com,Philippines,197.57.139.189
784,Harold,Cox,hcoxlr@columbia.edu,Bosnia and Herzegovina,178.111.235.193
785,Jason,Mitchell,jmitchellls@nifty.com,Brazil,91.83.32.48
786,Evelyn,Ortiz,eortizlt@columbia.edu,Sweden,154.178.38.103
787,Paula,Ross,prosslu@over-blog.com,France,113.203.14.94
788,Judith,Burton,jburtonlv@mlb.com,Norway,153.31.90.150
789,Paul,West,pwestlw@ed.gov,Russia,160.49.33.143
790,Steven,Austin,saustinlx@meetup.com,Malawi,237.23.106.9
791,Steve,Greene,sgreenely@globo.com,Indonesia,9.187.207.249
792,William,Dean,wdeanlz@ihg.com,Mexico,92.32.232.160
793,Steven,Lawrence,slawrencem0@wordpress.com,Philippines,89.66.116.210
794,Steven,Morrison,smorrisonm1@qq.com,Greece,125.222.251.244
795,Todd,Gonzales,tgonzalesm2@globo.com,Portugal,108.10.239.116
796,Jean,Turner,jturnerm3@zimbio.com,China,87.37.224.2
797,Virginia,Johnson,vjohnsonm4@51.la,China,199.200.194.76
798,Kathy,Black,kblackm5@home.pl,China,232.0.136.16
799,Fred,Woods,fwoodsm6@shareasale.com,Indonesia,16.129.222.234
800,Shawn,Perkins,sperkinsm7@sphinn.com,Spain,163.121.0.40
801,Raymond,Medina,rmedinam8@blogger.com,Portugal,61.208.72.111
802,Todd,Bell,tbellm9@ow.ly,Russia,255.109.77.101
803,Stephen,Perkins,sperkinsma@google.ru,China,41.129.230.140
804,Roy,Ford,rfordmb@pagesperso-orange.fr,Costa Rica,37.248.129.84
805,Christina,Bishop,cbishopmc@xrea.com,Thailand,16.35.3.192
806,Pamela,Simpson,psimpsonmd@discovery.com,Indonesia,125.216.74.172
807,Edward,Riley,erileyme@guardian.co.uk,Greece,86.246.129.164
808,Diana,Hansen,dhansenmf@paginegialle.it,Poland,98.36.214.16
809,Keith,Howell,khowellmg@chicagotribune.com,China,107.199.74.140
810,Deborah,Morris,dmorrismh@wp.com,China,3.150.97.163
811,Margaret,Elliott,melliottmi@fc2.com,Macedonia,232.187.135.104
812,Wanda,Evans,wevansmj@prlog.org,Japan,0.216.68.28
813,Tina,Marshall,tmarshallmk@hexun.com,China,227.170.61.87
814,Larry,Cook,lcookml@forbes.com,Brazil,185.252.22.234
815,Irene,Lewis,ilewismm@phoca.cz,China,2.30.194.169
816,Randy,Wilson,rwilsonmn@imageshack.us,Colombia,182.110.174.174
817,Amanda,Larson,alarsonmo@zimbio.com,Uganda,88.254.248.158
818,Peter,Larson,plarsonmp@hubpages.com,Indonesia,112.238.52.155
819,Irene,Thompson,ithompsonmq@prlog.org,Pakistan,148.187.182.197
820,Ruth,Reynolds,rreynoldsmr@cmu.edu,Brazil,209.76.167.207
821,Louise,Fisher,lfisherms@surveymonkey.com,Russia,54.5.135.73
822,Brandon,Burns,bburnsmt@timesonline.co.uk,South Korea,68.46.2.201
823,Patricia,Montgomery,pmontgomerymu@netscape.com,Finland,74.168.69.9
824,Carl,Chavez,cchavezmv@homestead.com,Argentina,173.173.10.146
825,Julia,Howell,jhowellmw@booking.com,Afghanistan,236.149.52.218
826,Aaron,Reyes,areyesmx@sfgate.com,Indonesia,108.121.19.127
827,Eugene,Diaz,ediazmy@sciencedirect.com,Brazil,108.163.72.51
828,Stephanie,Young,syoungmz@technorati.com,Mozambique,237.19.225.190
829,Dennis,Barnes,dbarnesn0@earthlink.net,Indonesia,115.166.165.98
830,Maria,Gomez,mgomezn1@wunderground.com,Spain,155.220.118.242
831,Anne,Rodriguez,arodriguezn2@wix.com,France,188.75.99.231
832,Philip,Mccoy,pmccoyn3@ycombinator.com,Netherlands,192.21.207.69
833,Marie,Martinez,mmartinezn4@freewebs.com,Yemen,42.109.181.9
834,Carl,Young,cyoungn5@purevolume.com,Yemen,222.223.143.111
835,Joan,Martinez,jmartinezn6@forbes.com,Poland,117.14.149.71
836,Barbara,Chavez,bchavezn7@bandcamp.com,South Africa,238.108.116.57
837,Jerry,Moore,jmooren8@yellowbook.com,Serbia,92.208.111.37
838,Rachel,Long,rlongn9@ebay.com,United States,80.116.33.120
839,Fred,Price,fpricena@oakley.com,United States,213.98.148.108
840,Jane,Clark,jclarknb@google.fr,Nepal,49.138.199.144
841,Samuel,Jacobs,sjacobsnc@imgur.com,China,105.186.157.155
842,Jeremy,Watson,jwatsonnd@mozilla.org,Albania,95.186.15.187
843,Christopher,Sims,csimsne@va.gov,China,164.91.128.51
844,David,Alexander,dalexandernf@free.fr,South Korea,211.200.22.246
845,Louis,Oliver,loliverng@telegraph.co.uk,Indonesia,178.220.68.160
846,Jimmy,Franklin,jfranklinnh@weibo.com,Czech Republic,219.159.5.106
847,Norma,Wright,nwrightni@howstuffworks.com,Czech Republic,129.212.168.247
848,Kevin,Clark,kclarknj@cocolog-nifty.com,Poland,243.23.28.96
849,William,Evans,wevansnk@cnet.com,Russia,101.228.236.48
850,Thomas,Cox,tcoxnl@ifeng.com,Ethiopia,208.148.18.30
851,Bobby,Collins,bcollinsnm@omniture.com,Russia,18.23.86.236
852,Ernest,Burns,eburnsnn@mlb.com,China,158.168.163.174
853,Julia,Peters,jpetersno@ask.com,Poland,196.38.52.63
854,Ryan,Anderson,randersonnp@etsy.com,United States,28.187.184.159
855,Wayne,Roberts,wrobertsnq@ovh.net,China,168.73.68.1
856,Douglas,Stanley,dstanleynr@macromedia.com,Cuba,4.13.159.103
857,Sharon,Hudson,shudsonns@photobucket.com,Indonesia,203.25.188.92
858,Alan,Scott,ascottnt@odnoklassniki.ru,China,138.125.184.111
859,Lawrence,Griffin,lgriffinnu@t.co,China,147.46.244.216
860,Annie,Brooks,abrooksnv@cargocollective.com,Indonesia,54.83.28.82
861,Fred,Evans,fevansnw@mozilla.org,Netherlands,232.46.126.166
862,Howard,Peterson,hpetersonnx@naver.com,China,121.5.234.113
863,Jerry,Carter,jcarterny@opera.com,Brazil,13.68.53.98
864,Gary,Wells,gwellsnz@cdc.gov,China,65.230.82.200
865,Antonio,Williamson,awilliamsono0@histats.com,Ukraine,248.106.123.157
866,Chris,Butler,cbutlero1@nydailynews.com,Ukraine,31.193.168.155
867,Kimberly,Baker,kbakero2@apple.com,Argentina,238.150.111.178
868,Lisa,Hansen,lhanseno3@shinystat.com,China,121.200.13.80
869,Elizabeth,Long,elongo4@princeton.edu,Nepal,216.73.120.79
870,Judy,Little,jlittleo5@linkedin.com,China,28.188.58.195
871,Ruby,Medina,rmedinao6@army.mil,China,2.9.149.180
872,Gary,Shaw,gshawo7@yellowbook.com,Belarus,1.187.141.199
873,Lois,Ruiz,lruizo8@gizmodo.com,Canada,118.245.214.206
874,Harry,Oliver,holivero9@narod.ru,Philippines,173.175.228.80
875,William,Johnston,wjohnstonoa@yahoo.co.jp,Israel,112.84.16.128
876,Jimmy,Hernandez,jhernandezob@newyorker.com,Serbia,86.44.101.108
877,Russell,Bennett,rbennettoc@ning.com,Russia,234.206.162.170
878,Gerald,Phillips,gphillipsod@ucoz.ru,Portugal,214.241.25.35
879,Martin,Gonzalez,mgonzalezoe@usatoday.com,Greece,53.179.79.175
880,Paula,Mills,pmillsof@cnbc.com,China,214.163.112.146
881,Heather,Diaz,hdiazog@ibm.com,Japan,16.3.207.166
882,Jeffrey,Griffin,jgriffinoh@1und1.de,China,204.160.128.126
883,George,Ellis,gellisoi@simplemachines.org,Indonesia,114.200.56.171
884,Deborah,Andrews,dandrewsoj@dailymotion.com,China,179.18.31.77
885,Joe,Perkins,jperkinsok@list-manage.com,Japan,241.48.120.187
886,Dennis,Frazier,dfrazierol@unesco.org,Czech Republic,175.167.12.255
887,Judy,Williamson,jwilliamsonom@google.com.hk,Colombia,141.255.208.165
888,Bonnie,Burton,bburtonon@jimdo.com,Ukraine,0.42.14.74
889,Jose,Warren,jwarrenoo@jugem.jp,Netherlands,84.144.243.179
890,Joshua,Vasquez,jvasquezop@1688.com,Finland,158.132.181.151
891,Helen,Kelly,hkellyoq@ebay.com,Palestinian Territory,167.253.73.175
892,Carl,Thomas,cthomasor@moonfruit.com,Indonesia,50.11.169.201
893,Joshua,Stewart,jstewartos@squidoo.com,Russia,248.22.98.87
894,Ashley,Bailey,abaileyot@fema.gov,Brazil,251.101.104.121
895,Kimberly,Andrews,kandrewsou@ycombinator.com,Ireland,110.197.92.148
896,Maria,Hart,mhartov@blinklist.com,Vietnam,225.121.230.118
897,Brian,Chapman,bchapmanow@accuweather.com,Equatorial Guinea,40.161.151.136
898,Sarah,Jenkins,sjenkinsox@cisco.com,Indonesia,140.77.91.17
899,Donald,Nguyen,dnguyenoy@mysql.com,Peru,138.57.218.100
900,Jean,Dean,jdeanoz@people.com.cn,Ukraine,199.47.67.76
901,Raymond,Hughes,rhughesp0@livejournal.com,Thailand,47.21.196.117
902,Jeffrey,George,jgeorgep1@storify.com,Uganda,188.55.160.25
903,Bonnie,Martinez,bmartinezp2@microsoft.com,Czech Republic,57.42.181.113
904,Gary,Arnold,garnoldp3@people.com.cn,Sweden,142.61.31.147
905,Craig,Brown,cbrownp4@hud.gov,China,216.100.64.38
906,Anthony,Torres,atorresp5@shop-pro.jp,China,238.222.10.16
907,Ryan,Reed,rreedp6@addthis.com,Norway,254.68.79.179
908,Janet,Fields,jfieldsp7@weebly.com,New Zealand,102.10.167.250
909,Jennifer,Knight,jknightp8@blinklist.com,Indonesia,164.106.30.118
910,Philip,Freeman,pfreemanp9@chronoengine.com,Colombia,2.22.87.100
911,Phillip,Willis,pwillispa@twitpic.com,Philippines,152.47.129.199
912,Joe,Parker,jparkerpb@tmall.com,Philippines,236.153.225.99
913,Marie,Burns,mburnspc@odnoklassniki.ru,Poland,209.89.233.13
914,Helen,Oliver,holiverpd@webmd.com,Kenya,159.234.23.33
915,Nicholas,Rivera,nriverape@mapquest.com,Czech Republic,251.185.104.30
916,Antonio,Hanson,ahansonpf@chicagotribune.com,Indonesia,205.140.235.242
917,Lillian,Kennedy,lkennedypg@nationalgeographic.com,Guatemala,185.138.49.50
918,Brenda,Foster,bfosterph@storify.com,Indonesia,107.168.46.144
919,Jessica,Coleman,jcolemanpi@issuu.com,Argentina,148.126.24.162
920,Janice,Cunningham,jcunninghampj@patch.com,Armenia,164.25.20.21
921,Virginia,Stevens,vstevenspk@instagram.com,China,156.195.156.166
922,Andrea,Fuller,afullerpl@t.co,Indonesia,36.106.228.52
923,Stephen,Torres,storrespm@istockphoto.com,Haiti,172.39.142.116
924,Sharon,Willis,swillispn@va.gov,Malaysia,121.3.59.246
925,Susan,Mccoy,smccoypo@gmpg.org,Indonesia,186.146.236.186
926,Robin,Harrison,rharrisonpp@istockphoto.com,China,206.43.101.157
927,Henry,Ryan,hryanpq@a8.net,Russia,97.228.155.253
928,Carolyn,Sanders,csanderspr@dyndns.org,France,124.223.21.182
929,Shirley,Miller,smillerps@jugem.jp,China,142.223.214.108
930,Mary,Holmes,mholmespt@blogtalkradio.com,China,188.24.197.199
931,Steve,Lynch,slynchpu@hao123.com,Indonesia,132.199.102.175
932,William,Morales,wmoralespv@slashdot.org,China,63.127.237.159
933,Keith,Carroll,kcarrollpw@meetup.com,Bosnia and Herzegovina,181.243.3.192
934,Heather,Spencer,hspencerpx@vimeo.com,France,148.132.119.88
935,Tina,Mason,tmasonpy@instagram.com,Colombia,139.150.230.233
936,Earl,Willis,ewillispz@mapy.cz,Nicaragua,71.243.225.184
937,Denise,Stone,dstoneq0@naver.com,Canada,105.118.127.153
938,Joshua,Pierce,jpierceq1@1und1.de,China,81.222.198.216
939,Walter,Ramirez,wramirezq2@irs.gov,Poland,121.90.172.170
940,Charles,Ruiz,cruizq3@unesco.org,China,212.128.32.175
941,Todd,Jenkins,tjenkinsq4@miitbeian.gov.cn,Russia,243.107.39.79
942,Jason,Kelly,jkellyq5@cdbaby.com,Namibia,251.193.24.236
943,Rebecca,Kennedy,rkennedyq6@last.fm,China,200.238.55.195
944,Brandon,Reed,breedq7@dell.com,China,17.77.210.104
945,Daniel,Fernandez,dfernandezq8@mediafire.com,China,52.39.129.211
946,Paul,Young,pyoungq9@123-reg.co.uk,Poland,147.203.239.248
947,Cynthia,Welch,cwelchqa@i2i.jp,Philippines,96.7.173.236
948,Catherine,Torres,ctorresqb@blog.com,Sweden,91.165.64.145
949,Patrick,Stanley,pstanleyqc@posterous.com,Portugal,222.155.17.65
950,Kathleen,Morris,kmorrisqd@blog.com,Russia,96.186.146.80
951,Harold,Banks,hbanksqe@multiply.com,Indonesia,25.147.201.134
952,Maria,Johnston,mjohnstonqf@discovery.com,Brazil,72.247.124.21
953,Anne,Gutierrez,agutierrezqg@bandcamp.com,Finland,83.44.218.195
954,Gregory,Johnston,gjohnstonqh@independent.co.uk,France,4.190.26.150
955,Philip,Cruz,pcruzqi@blogger.com,Poland,6.97.174.112
956,Eugene,Russell,erussellqj@java.com,Uganda,151.1.51.229
957,Martha,Cole,mcoleqk@imdb.com,Philippines,247.58.198.124
958,Justin,Cole,jcoleql@goo.gl,China,115.206.85.80
959,Emily,Butler,ebutlerqm@de.vu,Philippines,54.186.53.174
960,Theresa,Mills,tmillsqn@booking.com,Philippines,192.8.70.18
961,Bobby,Knight,bknightqo@cloudflare.com,China,199.79.126.189
962,Julia,Hughes,jhughesqp@delicious.com,Russia,6.208.7.106
963,Jessica,Mills,jmillsqq@amazon.co.jp,China,5.248.111.250
964,John,Fuller,jfullerqr@jalbum.net,Cuba,118.241.200.64
965,Sara,Chapman,schapmanqs@moonfruit.com,France,146.14.227.149
966,Alan,Murray,amurrayqt@constantcontact.com,China,57.125.57.49
967,James,Moreno,jmorenoqu@imgur.com,Sweden,24.163.30.9
968,Andrew,Wagner,awagnerqv@eepurl.com,France,219.93.181.132
969,Samuel,Montgomery,smontgomeryqw@tmall.com,Brazil,76.4.38.50
970,Fred,Turner,fturnerqx@oaic.gov.au,China,243.10.8.83
971,Carol,Ramirez,cramirezqy@ucsd.edu,Portugal,202.236.253.242
972,Ashley,Moore,amooreqz@nasa.gov,Japan,2.207.215.175
973,Albert,Stephens,astephensr0@stumbleupon.com,Indonesia,217.201.76.13
974,Lisa,Long,llongr1@ameblo.jp,Bhutan,240.2.128.200
975,Daniel,Burns,dburnsr2@icq.com,Colombia,14.68.131.27
976,Eugene,Moore,emoorer3@zimbio.com,Brazil,129.80.18.83
977,Debra,Harris,dharrisr4@dot.gov,China,25.233.51.75
978,Michael,Burton,mburtonr5@admin.ch,Sweden,88.69.99.47
979,Adam,Gray,agrayr6@blog.com,Indonesia,11.192.147.158
980,Carol,Greene,cgreener7@princeton.edu,Russia,121.59.159.185
981,Clarence,Warren,cwarrenr8@zimbio.com,Canada,71.146.10.191
982,Aaron,Cole,acoler9@ustream.tv,Cameroon,7.232.222.103
983,Virginia,Chapman,vchapmanra@prweb.com,Russia,220.34.252.38
984,Andrew,Bryant,abryantrb@multiply.com,United States,170.115.162.109
985,Catherine,Brooks,cbrooksrc@reuters.com,Syria,155.230.11.109
986,Phillip,Adams,padamsrd@last.fm,China,126.54.202.242
987,Albert,Clark,aclarkre@mtv.com,Colombia,92.211.62.0
988,Emily,Ferguson,efergusonrf@51.la,Poland,54.20.181.206
989,Arthur,Hansen,ahansenrg@photobucket.com,Bangladesh,52.121.234.153
990,Martha,Barnes,mbarnesrh@virginia.edu,China,145.98.12.18
991,Louise,Reid,lreidri@feedburner.com,Philippines,157.48.118.152
992,Carolyn,Holmes,cholmesrj@psu.edu,Indonesia,25.205.33.36
993,Jean,Hansen,jhansenrk@mysql.com,Jamaica,160.91.214.250
994,Frank,Duncan,fduncanrl@google.ca,Indonesia,239.17.65.128
995,Frank,Riley,frileyrm@addthis.com,Honduras,221.10.183.48
996,Doris,Young,dyoungrn@imdb.com,Croatia,2.227.70.85
997,Karen,Ortiz,kortizro@bandcamp.com,Argentina,186.57.109.180
998,Sean,Stanley,sstanleyrp@auda.org.au,China,211.125.227.154
999,Wanda,Sims,wsimsrq@symantec.com,Portugal,20.111.15.235
1000,Janice,Price,jpricerr@icio.us,Slovenia,210.162.132.174
